journal_short_name,mean_alignment,median_alignment,std_alignment,min_alignment,max_alignment,n_papers
eswa,0.1202486784962069,0.11097288876771927,0.08794875470367612,-0.09784319996833801,0.5607534646987915,3465
kbs,0.10638246464904268,0.09833614528179169,0.09330936801437537,-0.13095200061798096,0.5400031208992004,2323
